full_id,osm_id,osm_type,object_str,name_en,descriptio,direction,designatio,check_date,passenger_,departures,ref_signed,routes,bearing,wheelchair,type,tactile_pa,shelter,route_ref,ref,public_tra,operator,network_wi,network__1,network,name,lon,lit,lat,highway,bus,bin,bench
n451025876,"451025876",node,,,,,,,,,,,,yes,bus stop,no,yes,"11;15x;24x","20",platform,SBMTD,en:Santa Barbara Metropolitan Transit District,Q7419232,Santa Barbara MTD,UCSB North Hall,"-119.8478447",yes,"34.4152912004",bus_stop,yes,yes,yes
n451025877,"451025877",node,,,,,,,,,,,,,bus stop,,no,,,platform,"SBMTD;UCSB Shuttle",en:Santa Barbara Metropolitan Transit District,Q7419232,Santa Barbara MTD,UCSB Elings Hall,"-119.839665501",,"34.4149290997",bus_stop,yes,,yes
n631251555,"631251555",node,,,,,,,,,,,,,bus stop,,no,,,platform,SBMTD,,Q7419232,Santa Barbara MTD,Storke & El Colegio,"-119.8699057",,"34.4179448001",bus_stop,yes,no,yes
n631253458,"631253458",node,,,,,,,,,,,,,,no,yes,,"92",platform,SBMTD,,Q7419232,Santa Barbara MTD,El Colegio & Santa Catalina,,no,,bus_stop,yes,no,yes
n648613521,"648613521",node,,,,,,,,,,"25",E,yes,,no,yes,,"144",platform,SBMTD,,Q7419232,"Santa Barbara MTD;Clean Air Express","SB MTD Hollister and Pacific Oaks;Hollister at Pacific Oaks",,no,,bus_stop,yes,no,yes
n648613522,"648613522",node,,,,,,,,,no,"25",W,,,no,no,,,platform,SBMTD,,Q7419232,Santa Barbara MTD,SB MTD Hollister and Pacific Oaks,,no,,bus_stop,yes,no,no
n648613523,"648613523",node,,,,,,,,,,,E,,,no,yes,,"284",platform,SBMTD,en:Santa Barbara Metropolitan Transit District,Q7419232,Santa Barbara MTD,Camino Real Marketplace,,yes,,bus_stop,yes,yes,yes
n648613524,"648613524",node,,,,,,,,,,"25",N,,,,yes,,,platform,SBMTD,,Q7419232,Santa Barbara MTD,Los Carneros and El Colegio,,,,bus_stop,yes,,
n648613525,"648613525",node,,,,,,,,,,,,yes,bus stop,no,no,"15x;23;24x;25;27","42",platform,SBMTD,en:Santa Barbara Metropolitan Transit District,Q7419232,"Santa Barbara MTD;UCSB Shuttle",UCSB North Hall,"-119.848107",yes,"34.4149611001",bus_stop,yes,yes,yes
n648613527,"648613527",node,,,,,,,,,,"11, 15x, 23, 24x, 25",SE,yes,,no,no,,"719",platform,SBMTD,,Q7419232,Santa Barbara MTD,El Colegio & Stadium Road,,yes,,bus_stop,yes,no,yes
n648613528,"648613528",node,,,,,,,,,,,W,,,no,yes,,"928",platform,SBMTD,,Q7419232,Santa Barbara MTD,Hollister & Storke,,yes,,bus_stop,yes,yes,yes
n648613529,"648613529",node,,,,,,,,,,"25",W,,,no,no,,"312",platform,SBMTD,,Q7419232,Santa Barbara MTD,SB MTD Hollister and Cannon Green,,no,,bus_stop,yes,no,yes
n648613530,"648613530",node,,,,,,,,,,"25",W,,,no,no,,"959",platform,SBMTD,,Q7419232,Santa Barbara MTD,SB MTD Hollister and Entrance,,no,,bus_stop,yes,yes,yes
n648613531,"648613531",node,,,,,,,,,,"25",E,,,no,no,,"110",platform,SBMTD,,Q7419232,Santa Barbara MTD,SB MTD Hollister and Entrance,,no,,bus_stop,yes,yes,yes
n648613534,"648613534",node,,,,,,,,,no,,,yes,,no,no,,,platform,SBMTD,,Q7419232,Santa Barbara MTD,Hollister & Los Carneros Road,,yes,,bus_stop,yes,yes,yes
n652671178,"652671178",node,,,,,,,,,,"25",E,,,no,no,,"753",platform,SBMTD,,Q7419232,Santa Barbara MTD,SB MTD Hollister and Cannon Green,,no,,bus_stop,yes,yes,yes
n652671181,"652671181",node,,,,,,,,,,"11, 15x, 23, 24x, 25",W,yes,,no,yes,,"336",platform,SBMTD,,Q7419232,Santa Barbara MTD,El Colegio & Stadium Road,,yes,,bus_stop,yes,no,yes
n652671184,"652671184",node,,,,,,,,,,"11, 23, 24x, 25",W,yes,,no,yes,,"1063",platform,SBMTD,,Q7419232,Santa Barbara MTD,El Colegio & Embarcadero del Mar,,yes,,bus_stop,yes,no,yes
n652671195,"652671195",node,,,,,,,,,,,W,,,,no,,,platform,SBMTD,,Q7419232,Santa Barbara MTD,Hollister & Glen Annie,,,,bus_stop,yes,,yes
n652671224,"652671224",node,,,,,,,,,,"25",S,,,,yes,,,platform,SBMTD,,Q7419232,Santa Barbara MTD,Los Carneros and El Colegio,,,,bus_stop,yes,,
n653114431,"653114431",node,,,,,,,,,,,S,,bus stop,no,yes,,"26",platform,SBMTD,,Q7419232,Santa Barbara MTD,Storke & Hollister,"-119.8698512",yes,"34.4296336996",bus_stop,yes,yes,yes
n875151333,"875151333",node,,,,,,,,no,,,,yes,,no,yes,,"373",platform,SBMTD,,Q7419232,Santa Barbara MTD,Storke & Phelps,,no,,bus_stop,yes,yes,yes
n875151337,"875151337",node,,,,,,,,,,,,,bus stop,no,no,,"1069",platform,SBMTD,,Q7419232,Santa Barbara MTD,El Colegio & Camino Corto,"-119.8656439",no,"34.417513",bus_stop,yes,no,no
n875151338,"875151338",node,,,,,,,,,,,,yes,,no,yes,,"1064",platform,SBMTD,,Q7419232,Santa Barbara MTD,El Colegio & Los Carneros,,yes,,bus_stop,yes,no,yes
n875151342,"875151342",node,,,,,,,,,,,,,,no,no,,"372",platform,SBMTD,,Q7419232,Santa Barbara MTD,Storke & Whittier,,no,,bus_stop,yes,no,no
n875151348,"875151348",node,,,,,,,,,,,,,bus stop,no,yes,,"876",platform,SBMTD,,Q7419232,Santa Barbara MTD,Storke & El Colegio,"-119.8696665",no,"34.4183319998",bus_stop,yes,no,yes
n875151358,"875151358",node,,,,,,,,timetable,,,,yes,bus stop,no,no,,"374",platform,SBMTD,,Q7419232,Santa Barbara MTD,Storke & Santa Felicia,"-119.8695026",yes,"34.4267199999",bus_stop,yes,no,no
n875230184,"875230184",node,,,,,,,,timetable,,,,yes,,no,no,,"108",platform,SBMTD,,Q7419232,Santa Barbara MTD,Storke & Hollister,,no,,bus_stop,yes,yes,yes
n875230190,"875230190",node,,,,,,,,,,,,yes,,no,no,,"281",platform,SBMTD,,Q7419232,Santa Barbara MTD,Storke & Market Place Drive,,no,,bus_stop,yes,yes,yes
n875230195,"875230195",node,,,,,,,,,,,,yes,,no,no,,"1065",platform,SBMTD,,Q7419232,Santa Barbara MTD,El Colegio & Los Carneros,,yes,,bus_stop,yes,no,no
n875230204,"875230204",node,,,,,,,,,,,,yes,,no,no,,"877",platform,SBMTD,,Q7419232,Santa Barbara MTD,Storke & Santa Felicia,,no,,bus_stop,yes,no,no
n875230205,"875230205",node,,,,,,,,,,,,,,no,yes,,"879",platform,SBMTD,,Q7419232,Santa Barbara MTD,Storke & Phelps,,no,,bus_stop,yes,yes,no
n908577718,"908577718",node,,,,,,,,,,,,,,,no,,,platform,SBMTD,,Q7419232,Santa Barbara MTD,Goleta Beach,,,,bus_stop,yes,,no
n908577729,"908577729",node,,,,,,,,,,,,,,no,no,,"290",platform,SBMTD,,Q7419232,Santa Barbara MTD,Goleta Valley Community Center,,,,bus_stop,yes,yes,yes
n908577749,"908577749",node,,,,,,,,,,,,,,no,no,,"273",platform,SBMTD,,Q7419232,Santa Barbara MTD,Hollister & La Patera,,no,,bus_stop,yes,no,no
n908577752,"908577752",node,,,,,,,,,,,,,,,no,,"274",platform,SBMTD,,Q7419232,Santa Barbara MTD,Hollister & Robin Hill,,,,bus_stop,yes,,no
n908577759,"908577759",node,,,,,,,,,,,,,,no,yes,,"25;49372",platform,SBMTD,en:Santa Barbara Metropolitan Transit District,"Q7419232;Q7920384","Santa Barbara MTD;UCSB Shuttle;VCTC Intercity;Clean Air Express","Hollister & Kellogg;Hollister at Kellogg;Hollister and Kellogg Eastbound",,yes,,bus_stop,yes,yes,yes
n908577774,"908577774",node,,,,,,,,,,,,,,,no,,"272",platform,SBMTD,,Q7419232,Santa Barbara MTD,Hollister & David Love,,,,bus_stop,yes,no,yes
n908577784,"908577784",node,,,,,,,,,,,,,,no,no,,"289;49371",platform,SBMTD,en:Santa Barbara Metropolitan Transit District,"Q7419232;Q7920384","Santa Barbara MTD;UCSB Shuttle;VCTC Intercity;Clean Air Express","Hollister & Pine;Hollister at Pine;Hollister and Pine",,,,bus_stop,yes,yes,yes
n908577788,"908577788",node,,,,,,,,,,,,,,,yes,,"266",platform,SBMTD,en:Santa Barbara Metropolitan Transit District,Q7419232,"Santa Barbara MTD;Clean Air Express","Hollister & Patterson;Hollister at Patterson",,,,bus_stop,yes,,yes
n908577798,"908577798",node,,,,,,,,,,,,,bus stop,no,no,,,platform,SBMTD,,Q7419232,Santa Barbara MTD,Fairview & Airport Plaza,"-119.8307034",,"34.4328737003",bus_stop,yes,yes,yes
n908577803,"908577803",node,,,,,,,,timetable,,,,,,no,yes,,"754",platform,SBMTD,en:Santa Barbara Metropolitan Transit District,Q7419232,Santa Barbara MTD,Hollister & Coromar,,yes,,bus_stop,yes,yes,yes
n908577817,"908577817",node,,,,,,,,,,,,,,,no,,"265",platform,SBMTD,en:Santa Barbara Metropolitan Transit District,Q7419232,Santa Barbara MTD,Hollister & Lassen,,,,bus_stop,yes,,yes
n908577819,"908577819",node,,,,,,,,,,,,,bus stop,no,no,,,platform,SBMTD,,Q7419232,Santa Barbara MTD,Fairview & Fowler,"-119.8306982",,"34.4276741002",bus_stop,yes,no,no
n908577835,"908577835",node,,,,,,,,,,,,,,no,no,,"279;49369",platform,SBMTD,,"Q7419232;Q7920384","Santa Barbara MTD;VCTC Intercity","Hollister & Los Carneros Road;Hollister and Los Carneros",,no,,bus_stop,yes,no,yes
n908577850,"908577850",node,,,,,,,,,,,,,,,no,,"1045",platform,SBMTD,,Q7419232,Santa Barbara MTD,Hollister & Sumida Gardens,,,,bus_stop,yes,,yes
n908577851,"908577851",node,,,,,,,,,,,,,,,no,,,platform,SBMTD,,Q7419232,Santa Barbara MTD,Goleta Beach,,,,bus_stop,yes,,no
n908577861,"908577861",node,,,,,,,,,,,,,,no,no,,"931",platform,SBMTD,,Q7419232,Santa Barbara MTD,Hollister & Los Carneros Way,,no,,bus_stop,yes,no,yes
n908577867,"908577867",node,,,,,,,,,,,,,,no,yes,,"181;48154",platform,SBMTD,en:Santa Barbara Metropolitan Transit District,"Q7419232;Q7920384","Santa Barbara MTD;UCSB Shuttle;VCTC Intercity;Clean Air Express","Hollister & Nectarine;Hollister at Nectarine;Hollister and Nectarine;Hollister at Pine",,,,bus_stop,yes,yes,yes
n908577870,"908577870",node,,,,,,,,,,,,,,no,no,,"27",platform,SBMTD,,Q7419232,Santa Barbara MTD,Santa Felicia & Market Place Drive,,no,,bus_stop,yes,yes,yes
n908577872,"908577872",node,,,,,,,,,,,,,,,no,,"268",platform,SBMTD,en:Santa Barbara Metropolitan Transit District,Q7419232,"Santa Barbara MTD;UCSB Shuttle","Hollister & Ward;Hollister at Ward",,,,bus_stop,yes,,yes
n908577879,"908577879",node,,,,,,,,,,,,,,no,yes,,"287",platform,SBMTD,,Q7419232,Santa Barbara MTD,Hollister & Griggs,,yes,,bus_stop,yes,yes,yes
n908577890,"908577890",node,,,,,,,,,,,,,,,yes,,"276",platform,SBMTD,,Q7419232,Santa Barbara MTD,Hollister & Willow Springs,,,,bus_stop,yes,yes,yes
n908577895,"908577895",node,,,,,,,,,,,,,,no,no,,"925;48153",platform,SBMTD,en:Santa Barbara Metropolitan Transit District,"Q7419232;Q7920384","Santa Barbara MTD;UCSB Shuttle;VCTC Intercity;Clean Air Express","Hollister & Kellogg;Hollister at Kellogg;Hollister and Kellogg Westbound",,yes,,bus_stop,yes,yes,yes
n908577896,"908577896",node,,,,,,,yes,,,,,,,,yes,,"278;48156",platform,SBMTD,,"Q7419232;Q7920384","Santa Barbara MTD;VCTC Intercity;Clean Air Express","Hollister & Cremona;Hollister and Cremona;Hollister at Cremona Drive",,,,bus_stop,yes,no,yes
n908577899,"908577899",node,,,,,,,,,,,,,,no,no,,"286",platform,SBMTD,,Q7419232,Santa Barbara MTD,Hollister & Hartley,,,,bus_stop,yes,no,yes
n908577906,"908577906",node,,,,,,,,,,,,,,,yes,,"85",platform,SBMTD,en:Santa Barbara Metropolitan Transit District,Q7419232,"Santa Barbara MTD;Clean Air Express","Hollister & Patterson;Hollister at Patterson",,,,bus_stop,yes,,yes
n908577915,"908577915",node,,,,,,,,,,,,,,no,no,,"755",platform,SBMTD,,Q7419232,Santa Barbara MTD,Hollister & La Patera,,no,,bus_stop,yes,no,yes
n908577917,"908577917",node,,,,,,,,,,,,,,,no,,"930",platform,SBMTD,,Q7419232,Santa Barbara MTD,Hollister & Ward,,,,bus_stop,yes,,yes
n908577923,"908577923",node,,,,,,,,,,,,,,,no,,"291",platform,SBMTD,en:Santa Barbara Metropolitan Transit District,Q7419232,Santa Barbara MTD,Hollister & San Ricardo,,,,bus_stop,yes,,yes
n908577926,"908577926",node,,,,,,,,,,,,,,no,no,,"280;49368",platform,SBMTD,en:Santa Barbara Metropolitan Transit District,"Q7419232;Q7920384","Santa Barbara MTD;VCTC Intercity","Hollister & Coromar;Hollister Avenue/Coromar Drive",,yes,,bus_stop,yes,no,yes
n908577929,"908577929",node,,,,,,,,,,,,,bus stop,,no,,,platform,SBMTD,,Q7419232,Santa Barbara MTD,Fairview & Fowler,"-119.8303726",,"34.4271151002",bus_stop,yes,no,yes
n908577932,"908577932",node,,,,,,,,,,,,,,no,no,,"270",platform,SBMTD,,Q7419232,Santa Barbara MTD,Hollister & Orange,,yes,,bus_stop,yes,yes,yes
n908577942,"908577942",node,,,,,,,,,,,,,,no,no,,"180;48155",platform,SBMTD,,"Q7419232;Q7920384","Santa Barbara MTD;VCTC Intercity;Clean Air Express","Hollister & Aero Camino;Hollister and Aero Camino Westbound;Hollister at Aero Camino",,yes,,bus_stop,yes,no,yes
n908577952,"908577952",node,,,,,,,,,,,,,,,no,,"285;49370",platform,SBMTD,,"Q7419232;Q7920384","Santa Barbara MTD;VCTC Intercity;Clean Air Express","Hollister & Adams;Hollister and Aero Camino Eastbound;Hollister at Aero Camino",,,,bus_stop,yes,no,yes
n908577958,"908577958",node,,,,,,,,,,,,,,,no,,"1044",platform,SBMTD,,Q7419232,Santa Barbara MTD,Hollister & Sumida Gardens,,,,bus_stop,yes,,yes
n908577967,"908577967",node,,,,,,,,,,,,,,,no,,"277",platform,SBMTD,,Q7419232,Santa Barbara MTD,Hollister & Los Carneros Way,,,,bus_stop,yes,,yes
n908577970,"908577970",node,,,,,,,,,,,,,,,no,,"288",platform,SBMTD,,Q7419232,Santa Barbara MTD,Hollister & Fairview,,,,bus_stop,yes,,yes
n908577973,"908577973",node,,,,,,,,,,,,,,no,yes,,"271",platform,SBMTD,,Q7419232,Santa Barbara MTD,Hollister & Lopez,,yes,,bus_stop,yes,yes,yes
n908577979,"908577979",node,,,,,,,,,,,,,,no,"no;yes",,"728",platform,SBMTD,,Q7419232,Santa Barbara MTD,Fairview & Airport Plaza,,yes,,bus_stop,yes,yes,yes
n908577996,"908577996",node,,,,,,,,,,,,,,,no,,"269",platform,SBMTD,,Q7419232,Santa Barbara MTD,Hollister & Wendy's,,,,bus_stop,yes,yes,yes
n910812225,"910812225",node,,,,,,,,,,,,,,,yes,,"420",platform,SBMTD,,Q7419232,Santa Barbara MTD,Calle Real & Patterson,,,,bus_stop,yes,,yes
n910812233,"910812233",node,,,,,,,,,,,,,,,no,,"419",platform,SBMTD,,Q7419232,Santa Barbara MTD,University & Ribera,,,,bus_stop,yes,,yes
n910812249,"910812249",node,,,,,,,,,,,,yes,,,no,,"307",platform,SBMTD,,Q7419232,Santa Barbara MTD,Calle Real & Kingston,,,,bus_stop,yes,,yes
n910812253,"910812253",node,,,,,,,,,,,,,,,no,,"638",platform,SBMTD,,Q7419232,Santa Barbara MTD,Calle Real & Kellogg,,,,bus_stop,yes,,yes
n910812268,"910812268",node,,,,,,,,,,,,yes,,,no,,"114",platform,SBMTD,,Q7419232,Santa Barbara MTD,Calle Real & Kingston,,,,bus_stop,yes,,yes
n910812294,"910812294",node,,,,,,,,,,,,yes,,,no,,"942",platform,SBMTD,,Q7419232,Santa Barbara MTD,Calle Real & Kellogg,,,,bus_stop,yes,,yes
n910812318,"910812318",node,,,,,,,,,,,,,,,no,,"635",platform,SBMTD,,Q7419232,Santa Barbara MTD,Calle Real Center,,,,bus_stop,yes,,yes
n910812342,"910812342",node,,,,,,,,,,,,,,,no,,"890",platform,SBMTD,,Q7419232,Santa Barbara MTD,University & Patterson,,,,bus_stop,yes,,yes
n910812353,"910812353",node,,,,,,,,,,,,yes,,no,yes,,"421",platform,SBMTD,,Q7419232,Santa Barbara MTD,Calle Real & Maravilla,,,,bus_stop,yes,no,yes
n910812355,"910812355",node,,,,,,,,,,,,,,,no,,"722",platform,SBMTD,,Q7419232,Santa Barbara MTD,Encina Road & Encina Lane,,,,bus_stop,yes,,no
n910812364,"910812364",node,,,,,,2026-09-02,,,,,,,,,no,,"636",platform,SBMTD,,Q7419232,Santa Barbara MTD,Calle Real Center,,,,bus_stop,yes,,yes
n910812367,"910812367",node,,,,,,,,,,,,,,,yes,,"721",platform,SBMTD,,Q7419232,Santa Barbara MTD,Encina & Calle Real,,,,bus_stop,yes,,yes
n910812376,"910812376",node,,,,,,,,,,,,,,,no,,"32",platform,SBMTD,,Q7419232,Santa Barbara MTD,University & Patterson,,,,bus_stop,yes,,yes
n910812387,"910812387",node,,,,,,,,,,,,yes,,,no,,"641",platform,SBMTD,,Q7419232,Santa Barbara MTD,Calle Real & Maravilla,,,,bus_stop,yes,,yes
n910812390,"910812390",node,,,,,,,,,,,,,,,no,,"891",platform,SBMTD,,Q7419232,Santa Barbara MTD,University & Ribera,,,,bus_stop,yes,,yes
n910827492,"910827492",node,,,,,,,,,,,,,,,no,,"35",platform,SBMTD,,Q7419232,Santa Barbara MTD,Encina Road & Fairview,,,,bus_stop,yes,,yes
n910827499,"910827499",node,,,,,,,,,,,,,,,no,,"1081",platform,SBMTD,,Q7419232,Santa Barbara MTD,Encina Road & Encina Lane,,,,bus_stop,yes,,yes
n910827512,"910827512",node,,,,,,,,,,,,,,,,,,platform,SBMTD,,Q7419232,Santa Barbara MTD,Patterson & Overpass,,,,bus_stop,yes,,
n910827516,"910827516",node,,,,,,,,,,,,,,,,,,platform,SBMTD,en:Santa Barbara Metropolitan Transit District,Q7419232,Santa Barbara MTD,Patterson & Hollister,,,,bus_stop,yes,,
n910827522,"910827522",node,,,,,,,,,,,,,,,no,,"308",platform,SBMTD,,Q7419232,Santa Barbara MTD,Encina & Calle Real,,,,bus_stop,yes,,yes
n910827532,"910827532",node,,,,,,,,,,,,,,,no,,"33",platform,SBMTD,,Q7419232,Santa Barbara MTD,Fairview & Encina,,,,bus_stop,yes,yes,yes
n1396633686,"1396633686",node,,,,,,,,,,,,,,no,no,,"756",platform,SBMTD,,Q7419232,"Santa Barbara MTD;Clean Air Express",Hollister at Coronado,,no,,bus_stop,yes,yes,yes
n1396633688,"1396633688",node,,,,,,,,,,,,,,no,no,,"79",platform,SBMTD,,Q7419232,Santa Barbara MTD,,,no,,bus_stop,yes,yes,yes
n1396633689,"1396633689",node,,,,,,,,,,,,,,,,,,platform,SBMTD,,Q7419232,Santa Barbara MTD,,,,,bus_stop,yes,,
n1396633692,"1396633692",node,,,,,,,,,,,,,,,,,,platform,SBMTD,,Q7419232,Santa Barbara MTD,,,,,bus_stop,yes,,
n1396633693,"1396633693",node,,,,,,,,,,,,,,no,yes,,"109",platform,SBMTD,,Q7419232,Santa Barbara MTD,,,yes,,bus_stop,yes,yes,yes
n1396633694,"1396633694",node,,,,,,,,,,,,,,no,yes,,"315",platform,SBMTD,,Q7419232,Santa Barbara MTD,,,yes,,bus_stop,yes,yes,yes
n1396633697,"1396633697",node,,,,,,,,,,,,,,,,,,platform,SBMTD,,Q7419232,Santa Barbara MTD,,,,,bus_stop,yes,,
n1671456559,"1671456559",node,,,,"90",State and La Cumbre,,,,,,,,,,,,,platform,SBMTD,,,,Alameda & Bassano,,,,bus_stop,yes,,
n2910152086,"2910152086",node,,,,,,,,,,,,,bus stop,,,,"608",platform,SBMTD,,Q7419232,Santa Barbara MTD,Abrego & Camino Pescadero,"-119.858881897",,"34.4141555867",bus_stop,yes,,
n2910152419,"2910152419",node,,,,,,,,,,,,,bus stop,,,,,platform,SBMTD,,Q7419232,Santa Barbara MTD,Brandon & Calle Real,"-119.891133043",,"34.4329035481",bus_stop,yes,,
n2910152420,"2910152420",node,,,,,,,,,,,,,bus stop,,,,,platform,SBMTD,,Q7419232,Santa Barbara MTD,Brandon & Durham,"-119.89181136",,"34.434370593",bus_stop,yes,,
n2910152421,"2910152421",node,,,,,,,,,,,,,,,,,,platform,SBMTD,,,,Brandon & Evergreen,"-119.892780954",,"34.4397498522",bus_stop,yes,,
n2910152422,"2910152422",node,,,,,,,,,,,,,bus stop,,,,,platform,SBMTD,,Q7419232,Santa Barbara MTD,Brandon & Hempstead,"-119.891981581",,"34.4351133139",bus_stop,yes,,
n2910152423,"2910152423",node,,,,,,,,,,,,,bus stop,,,,,platform,SBMTD,,Q7419232,Santa Barbara MTD,Brandon & Padova,"-119.892748649",,"34.4372127891",bus_stop,yes,,
n2910152430,"2910152430",node,,,,,,,,,,,,,bus stop,,,,,platform,SBMTD,,Q7419232,Santa Barbara MTD,Calle Real & Jenna,"-119.897990694",,"34.4365946787",bus_stop,yes,,
n2910152445,"2910152445",node,,,,,,,,,,,,,bus stop,,,,,platform,SBMTD,,Q7419232,Santa Barbara MTD,Calle Real & San Rossano,"-119.889304269",,"34.4327586497",bus_stop,yes,,
n2910152460,"2910152460",node,,,,,,,,,,,,,bus stop,no,no,,"59",platform,SBMTD,,Q7419232,Santa Barbara MTD,Camino Pescadero & El Colegio,"-119.858673818",no,"34.4169049208",bus_stop,yes,yes,yes
n2910152489,"2910152489",node,,,,,,,,,,,,,bus stop,,,,,platform,SBMTD,,Q7419232,Santa Barbara MTD,Cathdral Oaks & Los Carneros,"-119.855705903",,"34.4458111464",bus_stop,yes,,
n2910152491,"2910152491",node,,,,,,,,,,,,,bus stop,,,,,platform,SBMTD,,Q7419232,Santa Barbara MTD,Cathedral Oaks & Cambridge,"-119.820633139",,"34.4513768139",bus_stop,yes,,
n2910152496,"2910152496",node,,,,,,,,,,,,,bus stop,,,,,platform,SBMTD,,Q7419232,Santa Barbara MTD,Cathedral Oaks & Fairview,"-119.830829776",,"34.45145467",bus_stop,yes,,
n2910152498,"2910152498",node,,,,,,,,,,,,,bus stop,,,,"675",platform,SBMTD,,Q7419232,Santa Barbara MTD,Cathedral Oaks & Kellogg,"-119.811981798",,"34.4529322428",bus_stop,yes,,
n2910152500,"2910152500",node,,,,,,,,,,,,,bus stop,,,,"535",platform,SBMTD,,Q7419232,Santa Barbara MTD,Cathedral Oaks & Patterson,"-119.808359969",,"34.4532316693",bus_stop,yes,,
n2910152604,"2910152604",node,,,,,,,,,,,,,bus stop,,,,,platform,SBMTD,,Q7419232,Santa Barbara MTD,Cathedral Oaks & San Marguerita,"-119.837781732",,"34.4514394562",bus_stop,yes,,
n2910152605,"2910152605",node,,,,,,,,,,,,,bus stop,,,,,platform,SBMTD,,Q7419232,Santa Barbara MTD,Cathedral Oaks & Santa Margarita,"-119.8369089",,"34.4512699997",bus_stop,yes,,
n2910152606,"2910152606",node,,,,,,,,,,,,,bus stop,,,,,platform,SBMTD,,Q7419232,Santa Barbara MTD,Cathedral Oaks & The Country Club,"-119.825754978",,"34.4514843116",bus_stop,yes,,
n2910152609,"2910152609",node,,,,,,,,,,,,,bus stop,,,,,platform,SBMTD,,Q7419232,Santa Barbara MTD,Cathedral Oaks & Windsor,"-119.844521574",,"34.4511491856",bus_stop,yes,,
n2910152611,"2910152611",node,,,,,,,,,,,,,bus stop,,,,,platform,SBMTD,,Q7419232,Santa Barbara MTD,Catherdral Oaks & Arundel,"-119.822119767",,"34.4512889504",bus_stop,yes,,
n2910152612,"2910152612",node,,,,,,,,,,,,,bus stop,,,,"671",platform,SBMTD,,Q7419232,Santa Barbara MTD,Catherdral Oaks & Camino Cascada,"-119.817831344",,"34.4523554494",bus_stop,yes,,
n2910152647,"2910152647",node,,,,,,,,,,,,,bus stop,,,,,platform,SBMTD,,Q7419232,Santa Barbara MTD,Colusa & Del Norte,"-119.87272465;-119.872682633",,"34.4357837044;34.4358317824",bus_stop,yes,,
n2910152669,"2910152669",node,,,,,,,,,,,,,,,,,,platform,,,,,Del Norte & Calaveras,"-119.878208557",,"34.4364224559",bus_stop,yes,,
n2910152670,"2910152670",node,,,,"180",,,,,,,,,,,,,,platform,,,,,Del Norte & Calaveras,"-119.878289161",,"34.4365244107",bus_stop,yes,,
n2910152671,"2910152671",node,,,,,,,,,,,,,bus stop,,no,,,platform,SBMTD,,Q7419232,Santa Barbara MTD,Del Norte & Colusa,"-119.872232116",,"34.4357500978",bus_stop,yes,,
n2910152672,"2910152672",node,,,,,,,,,,,,,,,,,,platform,,,,,Del Norte & Mendocino,"-119.876553878",,"34.4364324837",bus_stop,yes,,
n2910152673,"2910152673",node,,,,"180",,,,,,,,,,,,,,platform,,,,,Del Norte & Mendocino,"-119.876538651",,"34.4365324172",bus_stop,yes,,
n2910152691,"2910152691",node,,,,,,,,,,,,,bus stop,,,,,platform,SBMTD,,Q7419232,Santa Barbara MTD,Elwood Station & San Blanco,"-119.885070113",,"34.4340678479",bus_stop,yes,,
n2910152695,"2910152695",node,,,,,,,,,,,,,bus stop,,,,,platform,SBMTD,,Q7419232,Santa Barbara MTD,Encina Road & Encina Lane,"-119.8282653",,"34.4429851001",bus_stop,yes,,
n2910152696,"2910152696",node,,,,,,,,,,,,,bus stop,,no,,"164",platform,SBMTD,,Q7419232,Santa Barbara MTD,Encina Road & Fairview,"-119.8300418",,"34.4429421999",bus_stop,yes,,yes
n2910152698,"2910152698",node,,,,,,,,,,,,,bus stop,,,,,platform,SBMTD,,,,Evergreen & Redwood Way,"-119.894044393",,"34.4401602272",bus_stop,yes,,
n2910152954,"2910152954",node,,,,,,,,,,,,,bus stop,,,,,platform,SBMTD,,Q7419232,Santa Barbara MTD,Placer & Del Norte,"-119.88330226",,"34.4365928709",bus_stop,yes,,
n2910152955,"2910152955",node,,,,,,,,,,,,,bus stop,,,,,platform,SBMTD,,Q7419232,Santa Barbara MTD,Placer & Padova,"-119.883462808",,"34.4371976376",bus_stop,yes,,
n2910152972,"2910152972",node,,,,,,,,,,,,,bus stop,,,,,platform,SBMTD,,Q7419232,Santa Barbara MTD,Salisbury & Padova,"-119.895191598",,"34.437142445",bus_stop,yes,,
n2910152973,"2910152973",node,,,,,,,,,,,,,bus stop,,,,,platform,SBMTD,,,,Salisbury & San Napoli,"-119.894699976",,"34.4391147792",bus_stop,yes,,
n2910153085,"2910153085",node,,,,,,,,,,,,,bus stop,no,no,,"603",platform,SBMTD,,Q7419232,Santa Barbara MTD,Abrego & Camino Corto,"-119.866521548",yes,"34.4144613495",bus_stop,yes,no,no
n2910153087,"2910153087",node,,,,,,,,,,,,,,,,,,platform,SBMTD,,Q7419232,Santa Barbara MTD,Winchester Cyn & Bradford,"-119.900526123",,"34.4349163622",bus_stop,yes,,
n2910153092,"2910153092",node,,,,,,,,,,,,,bus stop,no,no,,"1055",platform,SBMTD,,Q7419232,Santa Barbara MTD,Embarcadero & Sabado Tarde,"-119.85628351",yes,"34.4104974391",bus_stop,yes,no,no
n2910153093,"2910153093",node,,,,,,,,no,,,,,bus stop,no,no,,"490",platform,SBMTD,,Q7419232,Santa Barbara MTD,Ocean and Sabado Tarde,"-119.853307662",,"34.4108675891",bus_stop,yes,no,yes
n2910153102,"2910153102",node,,,,,,,,,,,,,bus stop,,,,"1056",platform,SBMTD,,Q7419232,Santa Barbara MTD,brego & Camino Pescadero,"-119.858996046",,"34.4142105778",bus_stop,yes,,
n3760963042,"3760963042",node,,,,,,,,,,,,,,,no,,"282",platform,SBMTD,,Q7419232,Santa Barbara MTD,Santa Felicia & Storke,,,,bus_stop,yes,,no
n5248274112,"5248274112",node,,,,,,,,,,,E,yes,,no,yes,,"28",platform,SBMTD,,Q7419232,Santa Barbara MTD,Hollister & Storke,,yes,,bus_stop,yes,yes,yes
n5338863519,"5338863519",node,,,,,,,,,,,,,,,no,,"1053",platform,SBMTD,,Q7419232,Santa Barbara MTD,Seville & Embarcadero del Mar,,,,bus_stop,yes,no,yes
n5338863520,"5338863520",node,,,,,,,,,,,,,,,no,,,platform,,,,,Sharkeez Bus,,,,bus_stop,yes,,yes
n5338863621,"5338863621",node,,,,,,,,,,,,,,,no,,"1052",platform,SBMTD,,Q7419232,Santa Barbara MTD,Seville & Embarcadero del Mar,,,,bus_stop,yes,,yes
n5382414258,"5382414258",node,,,,,,,,,,,,,,no,yes,,"371",platform,SBMTD,,Q7419232,Santa Barbara MTD,Sierra Madre,,yes,,bus_stop,yes,no,yes
n5479668222,"5479668222",node,,,,,,,,,,,,,,no,yes,,"60",platform,SBMTD,,Q7419232,Santa Barbara MTD,Camino del Sur & Picasso,,yes,,bus_stop,yes,no,yes
n6038095740,"6038095740",node,,,,,,,,,,,,,,no,no,,"283",platform,SBMTD,,Q7419232,Santa Barbara MTD,Santa Felicia & Girsh Park,,no,,bus_stop,yes,no,no
n6083761352,"6083761352",node,,,,,,,no,,,,,,,no,no,,"932",platform,SBMTD,,Q7419232,Santa Barbara MTD,Hollister & Los Carneros Road,,no,,bus_stop,yes,no,yes
n6088782823,"6088782823",node,,,,,,,,,,,,,bus stop,,,,"536",platform,SBMTD,,Q7419232,Santa Barbara MTD,Cathedral Oaks & Kellogg,"-119.811981798",,"34.4529322428",bus_stop,yes,,
n6088782824,"6088782824",node,,,,,,,,,,,,,bus stop,,,,"548",platform,SBMTD,,Q7419232,Santa Barbara MTD,Cathedral Oaks & Avedina Pequena,"-119.811246432",,"34.4529195017",bus_stop,yes,,
n6088782825,"6088782825",node,,,,,,,,,,,,,bus stop,,,,"537",platform,SBMTD,,Q7419232,Santa Barbara MTD,Catherdral Oaks & Camino Cascada,,,,bus_stop,yes,,
n7695927480,"7695927480",node,,,,,,,,,,,,,bus stop,no,yes,,"647",platform,SBMTD,,Q7419232,Santa Barbara MTD,Camino Pescadero & Cervantes,"-119.85861",yes,"34.41665",bus_stop,yes,no,yes
n8250597710,"8250597710",node,,,,,,,,,,,,,,no,no,,,platform,,,,,VISTA,,,,bus_stop,yes,no,yes
n9518419359,"9518419359",node,,"Goleta, CA – UCSB",UCSB Bus Loop on Ocean Road,,,,,,,,,yes,,no,no,,,platform,"San Joaquin Joint Powers Authority;LOSSAN Rail Corridor Agency",,,Amtrak Thruway,"Santa Barbara, CA Univ of California, Santa Barbara (SBU)",,,,bus_stop,yes,no,yes
n9642170470,"9642170470",node,,,,,,,,,,,,yes,,,yes,,,platform,UC Santa Barbara Transportation & Parking Services,,,UCSB Transportation,Goleta Amtrak Station,,yes,,bus_stop,yes,yes,yes
n10718026585,"10718026585",node,,,,,,,,,,,,,,no,no,,"48157",platform,,,Q7920384,"VCTC Intercity;Clean Air Express",Cortona at Castilian,,no,,bus_stop,yes,no,no
n10718026588,"10718026588",node,,,,,,,,,,,,,,,,,"48158",platform,,,Q7920384,"VCTC Intercity;Clean Air Express",Castilian at Los Carneros,,,,bus_stop,yes,,
n10718026589,"10718026589",node,,,,,,,,,,,,,,no,no,,"40280",platform,,,Q7920384,VCTC Intercity,Los Carneros Road / Karl Storz Way Northbound,,yes,,bus_stop,yes,no,no
n10718026590,"10718026590",node,,,,,,,,,,,,,,no,no,,"49367",platform,,,Q7920384,VCTC Intercity,Los Carneros Road / Karl Storz Way Southbound,,,,bus_stop,yes,no,no
n10774742181,"10774742181",node,,,,,,,,,,,,,,no,yes,,HollPalAlt O,platform,,,,Clean Air Express,Hollister at Palo Alto,,no,,bus_stop,yes,no,no
n10774782285,"10774782285",node,,,,,,,,,,,,,,no,yes,,"1102",platform,,,,Clean Air Express,Hollister at Village Way,,yes,,bus_stop,yes,yes,yes
n10774793387,"10774793387",node,,,,,,,,,,,,,,no,no,,,platform,,,,Clean Air Express,Cortona at Castilian,,,,bus_stop,yes,no,no
n10774829252,"10774829252",node,,,,,,,,,,,,,,,,,,platform,,,,Clean Air Express,Castilian at Los Carneros,,,,bus_stop,yes,,
n10774829253,"10774829253",node,,,,,,,,,,,,,,,,,,platform,,,,Clean Air Express,Cremona Drive,,,,bus_stop,yes,,
n10933314790,"10933314790",node,,,,,,,,,,,,,,,,,,platform,,,,Clean Air Express,Robin Hill at Lindmar,,,,bus_stop,yes,,
n10933314791,"10933314791",node,,,,,,,,,,,,,,,,,,platform,,,,Clean Air Express,Robin Hill at Lindmar,,,,bus_stop,yes,,
n11523651021,"11523651021",node,El Colegio,,,,,,,timetable,,"11, 24x, 28",E,yes,,no,no,,"1066",platform,SBMTD,,Q7419232,Santa Barbara MTD,El Colegio & Embarcadero del Mar,,yes,,bus_stop,yes,yes,no
n12951102578,"12951102578",node,,,,,,,,,,,,,,no,yes,,,platform,,,,,,,,,bus_stop,yes,yes,yes
n13188040396,"13188040396",node,,,,,,,,,,,,,,,,,,platform,,,,,,,,,bus_stop,yes,,
n13374516166,"13374516166",node,,,,,,,,,,,,,,no,no,,"606",platform,SBMTD,,Q7419232,Santa Barbara MTD,Abrego & Camino Del Sur,,yes,,bus_stop,yes,no,yes
n13571333887,"13571333887",node,,,,,,,,,,,,,,no,no,,"958",platform,,,,,,,no,,bus_stop,yes,no,yes
n13571598901,"13571598901",node,,,,,,,,no,,,,,,no,no,,"834",platform,SBMTD,,Q7419232,Santa Barbara MTD,Ocean and Sabado Tarde,,yes,,bus_stop,yes,no,yes
n13655679966,"13655679966",node,,,,,,,,,,,,,,no,yes,,"313",platform,,,,,,,no,,bus_stop,yes,no,no
