OBJECTID,Title,Latitude,Longitude,Difficulty,Distance,Elevation_Gain,Overview,X,Y,Field10,Field11,Field12,Field13,Field14,Field15,Field16,Field17,Field18,Field19,Field20,Field21,Field22,Field23,Field24
1,Agua Caliente,34.541596,-119.565539,Easy to Moderate,5 Miles,800',"The upper part of the Agua Caliente drainage contains a very relaxing hot springs, beautiful sandstone formations, and a huge debris dam. Beyond the dam the country has a wild and romantic feel to it. This is one of my favorite hikes.","34.54160","-119.56554",,,,,,,,,,,,,,,
2,Angostura Pass,34.498,-119.7,Gonzo,4.5 Miles,"-2,000","The dirt road from Angostura Pass leading down to Gibraltar Dam provides a nice hike with expansive views of the backcountry. For those who want a long day hike, Matias Potrero and Devil’s Canyon will take you to the river and the road will take you back ","34.49800","-119.70000",,,,,,,,,,,,,,,
3,Arroyo Burro,34.462,-119.731,Moderate,3.02 Miles,"1550","Arroyo Burro Trail provides an opportunity to re-visit one if Santa Barbara’s most historic trails, great views from the upper knolls above Barger Canyon, a rugged and more remote experience than most since the trail is used much less than others. Just ab","34.46200","-119.73100",,,,,,,,,,,,,,,
4,Arroyo Burro - River,34.539263,-119.761233,Easy,3.75 Miles,,"This is a delightful trail that leads up through a narrow canyon and because it isn’t traveled too often, is a nice hike for those who want a bit of solitude. The narrow, rocky canyon is shaded and is filled with lush riparian vegetation and a cool creek ","34.53926","-119.76123",,,,,,,,,,,,,,,
5,Arroyo Burro-North,34.508,-119.7549,Moderate to Difficult,3.25 Miles,"-2035","This is a delightful trail that leads down into a narrow canyon and because it isn’t traveled too often, is a nice hike for those who want a bit of solitude. From the saddle you can also walk down the Arroyo Burro Road. You can also explore a little of th","34.50800","-119.75490",,,,,,,,,,,,,,,
6,Arroyo Hondo Trestles,34.472918,-120.139832,Moderate,1-6 Miles,,"The trestles at the mouth of Arroyo Hondo Canyon are very picturesque, as is the beach below. To the west you’ll find a series of points leading eventually to San Onofre Beach, three miles away, a wonderful walk when the tide is low. This is a very remote","34.47292","-120.13983",,,,,,,,,,,,,,,
7,Baron Ranch Loop,34.475748,-120.117731,Easy,1 Miles,,,"34.47575","-120.11773",,,,,,,,,,,,,,,
8,Beach to Backcountry,34.47543,-120.230384,Moderate,2.5 Miles,"900",Provides a pleasant stroll in the country on the old paved road. If you continue up the ridgeline trail there are spectacular rock formations and great views of the steep cliffs in the area of the Gaviota Tunnel. The hike out to the radio tower provides a,"34.47543","-120.23038",,,,,,,,,,,,,,,
9,Blue Canyon,34.487528,-119.562449,Easy to Moderate,5 Miles,,Blue Canyon gets its name from the blue-green serpentine formations found along its 5 mile length. The canyon runs directly along the Santa Ynez Fault. This is a relatively narrow canyon with several overnight camps along it and a stream that flows year r,"34.48753","-119.56245",,,,,,,,,,,,,,,
10,Buena Vista,34.4487,-119.6109,Moderate,4.5 Miles,"1150",The Buena Vista Trail is the most colorful place to go in the fall. It is filled with sycamore trees whose leaves turn a delightful yellow in November and December. There are very interesting sandstone formations in the canyon and you can combine the trai,"34.44870","-119.61090",,,,,,,,,,,,,,,
11,Buena Vista Loop,34.45632337,-119.6035316,Moderate,4.5 Miles,"1150",The loop provides a wonderful opportunity to combine the scenery in the upper parts of San Ysidro Canyon with the beauty of Buena Vista Canyon and the nearby lookout point. Continuing down the canyon and across the Old Pueblo Trail completes the loop.,"34.45632","-119.60353",,,,,,,,,,,,,,,
12,Butterfly Beach,34.417142,-119.647336,Moderate,1-3 Miles,,A delightful quarter mile long beach sits right at the foot of the Biltmore Hotel and Coral Casino. There is plenty of room to relax and enjoy the sun and surf or a walk in either direction at lower tides. This may be Santa Barbara's most elegant beach. T,"34.41714","-119.64734",,,,,,,,,,,,,,,
13,Camuesa Connector,34.5363,-119.735,Moderate to Difficult,7.3 Miles,,"This trail gets relatively little use, making it nice for a more secluded hike. The trail leads up and across a high bench with nice views overlooking the pool at Live Oak. Above, it cuts across a series of saddles formed by a fault line. The area was bur","34.53630","-119.73500",,,,,,,,,,,,,,,
14,Carp Bluff Walk,34.395224,-119.522593,Easy,1-2 Miles,,"For those who would like to enjoy a quiet walk out to the Seal Haulout overlook but would rather walk on a trail than on the beach, by heading out from the walking path at the Tomol Interpretive Play Area, you can follow the walkway past the entrance to t","34.39522","-119.52259",,,,,,,,,,,,,,,
15,Carp Bluffs,34.38669,-119.499578,Easy,1-3 miles Miles,,A hard fought battle by the local Carpinteria community succeeded in preserving the bluffs for all time. From the parking lot the stroll across the meadows is a pleasant way to reach the blufftop and lateral trails now lead to Carpinteria and the cliff ed,"34.38669","-119.49958",,,,,,,,,,,,,,,
16,Carp Salt Marsh,34.396842,-119.527266,Easy,1 Miles,,"Though you may only be able to explore a small part of the salt marsh, the 230-acre preserve is home to hundreds of bird species, many of them migrating species whose ability to use the area critical to their survival. The preserve has great views north t","34.39684","-119.52727",,,,,,,,,,,,,,,
17,Carpinteria State Beach,34.39186,-119.522667,Easy,1-3 Miles,,"Carpinteria beach is a wide, sandy beach that provides access to sunbathing. voleybasll or miles of walking in either direction. Nearby, the State Park provides an inexpensive way to camp overnight while you’re enjoying the beaches and local community. Ea","34.39186","-119.52267",,,,,,,,,,,,,,,
18,Cold East,34.45642953,-119.6532397,Moderate,4.5 to Crest Miles,,"This is absolutely my very favorite trail. Within a few yards of your car the pools begin. Deep and shaded by alders, the perennial creek offers scores of places to spend an afternoon. Even the name suggests something special. Cold Springs represents the ","34.45643","-119.65324",,,,,,,,,,,,,,,
19,Cold Ridge Loop,34.456055,-119.652293,Moderate,4.5 Miles,"1000","This is absolutely my very favorite trail. Within a few yards of your car the pools begin. Deep and shaded by alders, the perennial creek offers scores of places to spend an afternoon. Even the name suggests something special. Cold Springs represents the ","34.45606","-119.65229",,,,,,,,,,,,,,,
20,Cold Spring Tavern,34.5211,-119.8401,Easy to Moderate,.5 miles Miles,"400",Cold Springs Tavern is a historic site where stagecoach passengers enjoyed a break from the rough and tumble road and a bite to eat while the horses were being changed for the last push up over San Marcos Pass. Today you’ll find a quaint tavern on the lef,"34.52110","-119.84010",,,,,,,,,,,,,,,
21,Cold Spring West,34.459524,-119.655013,Easy,4.5 Miles,,"Though not a long nor well-known trail, it leads up a very pretty canyon to Gibraltar Road. A side trip along the way leads to Tangerine Falls and the upper end of the Middle Fork canyon.","34.45952","-119.65501",,,,,,,,,,,,,,,
22,Corral Beach,34.46248,-120.044131,Moderate,1-3 Miles,,"Almost an afterthought, except for surfers, Corral Beach is almost halfway between Refugio and El Capitan State Parks. The turnoff into the dirt parking area isn’t an easy one but what it offers is quick access to one of the area’s more secluded beaches.","34.46248","-120.04413",,,,,,,,,,,,,,,
23,Devereux Point,34.408857,-119.870067,Moderate,1 Miles,,"As you leave your car and head out to the edge of the bluffs, the view west to Devereux Point is outstanding. In the evening sunset the long peninsula-shaped point and the sihlouettes of coastal fir trees makes for a perfect picture. You can reach the poi","34.40886","-119.87007",,,,,,,,,,,,,,,
24,Devil's Canyon,34.518898,-119.687805,Moderate to Difficult,7 Miles,"800","Though a relatively long hike, Devil’s Canyon offers the opportunity to enjoy a beautiful hike up the Santa Ynez River to Gibraltar Dam with a return trip through a narrow, lush canyon and back along the grassy slopes of the Santa Ynez Fault to Live Oak p","34.51890","-119.68781",,,,,,,,,,,,,,,
25,Douglas Preserve,34.402979,-119.739089,Moderate,1-3 Miles,," Site of the historic Wilcox Nursery and now called the Douglas Preserve, the blufftop is off-leash for dogs and one of the best spots for watching the sunset.","34.40298","-119.73909",,,,,,,,,,,,,,,
26,East Beach,34.41615,-119.668407,Moderate,1-2 Miles,,"While much of East beach is taken up with volleyball courts and soft sand for sunning, there is plenty of room to explore along the water’s edge, east to Butterfly Beach or west to the Harbor. When the tide is high you can also walk along the paved bike a","34.41615","-119.66841",,,,,,,,,,,,,,,
27,El Capitan Beach,34.457774,-120.021472,Moderate,1-3 Miles,,"Most come for the campground or the surf. El Cap is a family park and one of the best. A bike path leads west to Refugio, providing an opportunity to walk the beach one way and the path the other. East towards Goleta is the best six mile beach walk anywhe","34.45777","-120.02147",,,,,,,,,,,,,,,
28,Elings Park,34.411123,-119.73557,Moderate,1-3 Miles,,The 236-acre park has baseball and soccer fields for the kids and plenty of places for a wonderful picnic at one of the many sites overlooking the city. From the developed part of the park you can hike up onto the top of the hills where you'll have views ,"34.41112","-119.73557",,,,,,,,,,,,,,,
29,Ellwood Beach,34.419407,-119.892168,Moderate,1-2 Miles,,"From the Ellwood Bluffs parking lot, the main trail leads through the middle of  a long corridor of open grass meadows. This is the first of a series of very lovely fields which you can walk through on your way to the bluffs overlooking a very long and be","34.41941","-119.89217",,,,,,,,,,,,,,,
30,Ellwood Mesa,34.429045,-119.896977,Moderate,1-3 miles or more Miles,,"A very nice place to come for an early morning or afternoon walk. Paths lead out to the bluff tops overlooking the beach and along the edge of Sandpiper Golf Course, as well as through the eucalyptus groves to the Monarch groves. More than 10 miles of tra"," as you walk down through the park you will notice the long rows of eucalyptus that line Hollister Avenue and in places separate the open fields from one another. It is these that are now the legacy of Ellwood Cooper.""",,,,,,,,,,,,,,,,
31,Ennisbrook,34.425434,-119.622204,Moderate,1-3 Miles,,"One of the most beautiful strolls through an oak woodland environment. Almost entirely level. The oak forests are deep in the heart of Montecito and provide a glimpse of why this area received its name which means little forest"" or ""little woods"" in Spani",,,,,,,,,,,,,,,,,
32,Eucalyptus Lane,34.418699,-119.630642,Moderate,2-3 miles Miles,,"Hidden at the foot of San Ysidro Road, Eucalyptus Lane provides beach access both to Fernald or Hammond's points. There are excellent tide pools, long stretches of beach, and a host of beautiful homes to enjoy. This is an excellent spot to start for out-a",,,,,,,,,,,,,,,,,
33,Forbush Flat,34.497405,-119.637895,Moderate,1 Miles,"-1075","Forbush Flats is a delightful camp situated right in the middle of of the Santa Ynez Fault. Because of this, shell fossils are exposed in the rock in this area, making it a geologist’s paradise. You’ll find an apple orchard here, the only remnants of Fred",,,,,,,,,,,,,,,,,
34,Fremont Ridge,34.5143,-119.8026,Easy,1.5 Miles,"-200","Fremont Trail provides a short hike with great views of the Santa Ynez Valley and is easy enough that you can take small children on it. The ridge is sharp and after an immediate downhill, meanders over a series of knolls to a point where you can sit and ",,,,,,,,,,,,,,,,,
35,Gaviota Peak,34.503126,-120.210042,Moderate to Difficult,3.2 Miles,"2150","One of the area’s premier hikes, leading you from near sea level to a half mile in the sky in just a few miles. The trail is relentlessly uphill but provides expansive views of the Las Cruces hills and the Gaviota coastline. It is possible to make this a ",,,,,,,,,,,,,,,,,
36,Gaviota State Park,34.470618,-120.227509,Moderate,1-3 Miles,,Gaviota State Park charges a day use fee to use the beach but if you don’t mind walking a bit you can park up at the Beach to Backcountry trailhead and go from there. The walk is to the east and is spectacular. At low tide and with a shuttle you can walk ,,,,,,,,,,,,,,,,,
37,Girard Loop,34.4459,-119.6221,Easy,3.1 Miles,"1000","From the McMenemy Trail, the Girard connector takes off from an open meadow near the bench on the upper trail. You should be able to spot where it begins to curve around the hillside without too much difficulty. If you are coming from the Edison Catway, t",,,,,,,,,,,,,,,,,
38,Goleta Beach East,34.416681,-119.822817,Moderate,1 Miles,,"Goleta Beach has excellent picnic and barbecue areas, with plenty of playground equipment for the kids and relatively calm (and safe) ocean water to play in. There are outdoor showers, restrooms, a great pier to walk out on and both snack shops and a rest",,,,,,,,,,,,,,,,,
39,Goleta Beach West,34.415195,-119.835563,Moderate,1 Miles,,The walk out to Campus Point provides an enjoyable way to get a bit of exercize and the views out over the islands are impressive. At the Point you can continue along the cliffs and around the lagoon and there is a path along the blufftop that will allow ,,,,,,,,,,,,,,,,,
40,Grass Mountain,34.749438,-120.054421,Moderate,4.01 Miles,1500',"Lover's Loop is a four mile hike that takes you through miles of lovely grass and oak-covered hillsides to views out over the lower valley, Grass Mountain, Zaca Peak and Figueroa Mountain. It is one of the best loop hikes you'll find in Santa Barbara Coun",,,,,,,,,,,,,,,,,
41,Hale Park,34.434275,-119.657164,Moderate,1-3 Miles,," Though a small park, set in the Montecito foothills and surrounded by tall eucalyptus, the park is a nice place to share with your dog. Off leash OK and nice for a picnic and kids as well.",,,,,,,,,,,,,,,,,
42,Haskells,34.430983,-119.917316,Moderate,1-2 Miles,,"Most likely, you will be bit intimidated by the huge resort complex which has just been completed on the far side of  Tecolote Canyon. Surprisingly, what you will find, once you reach the beach, is one of the most remote and quiet sections of beaches alon",,,,,,,,,,,,,,,,,
43,Hendry's Beach,34.402236,-119.742908,Moderate,1-2 Miles,,"The locals call it Hendry's Beach a place to meet for breakfast or a cocktail at sunset, stroll or jog the sandy shore, watch for whales, surf fish, or ride the wild surf. Known for its sandy beaches, swimming, surfing and surf fishing, this park also off",,,,,,,,,,,,,,,,,
44,Hollister Ridge,34.50249,-120.231586,Moderate,1 Miles,"750",An excellent loop which involves a small amount of uphill but provides you with incredible views of the Hollister Ranch. The mile long ridgeline provides wonderful scenery and a very relaxing series of knolls to hike along. It is possible to walk all the ,,,,,,,,,,,,,,,,,
45,Honda Valley Park,34.40904,-119.717545,Moderate,1-3 Miles,, A small neighborhood park nestled amidst the oaks in Honda Canyon. Accessible only from the upper end on Miramonte Drive.,,,,,,,,,,,,,,,,,
46,Hot Springs,34.4492,-119.6456,Moderate,2 Miles,"750",,,,,,,,,,,,,,,,,,
47,Indian Creek Trail,34.544131,-119.642873,Easy to Moderate,4 Miles,"350",The lower Indian drainage is almost level and winds through scenic sandstone and shale formations and very pretty riparian vegetation and eventually into the Dick Smith Wilderness. There are numerous pools and the fishing is rumored to be great. Lower Buc,,,,,,,,,,,,,,,,,
48,Inspiration Point,34.47198,-119.71452,Moderate to Difficult,2 Miles,,"Inspiration Point is formed by the extension of the ridgeline leading off the southeast side of Cathedral Peak. Near the bottom the ridgeline flattens out, forming a promontory from which you can enjoy excellent views out over the city. The vista across t",,,,,,,,,,,,,,,,,
49,Island View,34.4761,-119.5953,Moderate to Difficult,5 Miles,"600","If you like the best views in town, you’ll like this trail. The route follows Romero Road for 1.5 miles down towards town, then intersects with Romero Trail. Though you have a steep hike to the crest, once there you’ll feel like you are on top of the worl",,,,,,,,,,,,,,,,,
50,Jameson Reservoir,34.487634,-119.537001,Easy to Moderate,5 Miles,,"For those that are car camping in the area, the hike to the reservoir provides a leisurely stroll into the upper end of the Santa Ynez drainage. The reservoir is picturesque and on the north side large slabs of sandstone that provide a scenic backdrop. Al",,,,,,,,,,,,,,,,,
51,Jesusita Trail,34.45487252,-119.7288566,Moderate to Difficult,3 Miles,"1225","Jesusita Trail wanders through a beautiful oak-filled canyon, whose combination of picturesque scenery and easy hiking is perfect for children. The hike to Inspiration Point provides views that make the ascent worthwhile. Along the way you will find a cut",,,,,,,,,,,,,,,,,
52,Knapp's Castle,34.5183,-119.7933,Easy,.75 Miles,"-200","Knapp’s Castle is a short hike that is perfect for children, and sunset as well. The trail is only a half mile in length and almost level. The silhouette of the chimneys forms one of the most dramatic sights to be found anywhere in these mountains and kid",,,,,,,,,,,,,,,,,
53,Lake Los Carneros,34.440819,-119.848689,Moderate,2 Miles,,"The stroll around the lake provides a wonderful early morning or afternoon walk. The lake and mountain backdrop make you feel like you are out in the country. This is a great place to watch birds, including many varieties of ducks thagt migrate here in th",,Stow House is one of the original homes contructed after the Civil War when WW Hollister and others begin to settle the Valley. ,,,,,,,,,,,,,,,
54,Lizard's Mouth,34.50058,-119.863329,Easy,1 Miles,,"Lizard’s Mouth is located in a large amphitheater-shaped rock formation at the point where the Coldwater Sandstone formation crosses over the Santa Ynez Mountains. Its chaparral environment is interspersed with large, massive sandstone outcroppings. The f",,,,,,,,,,,,,,,,,
55,Lookout Park,34.419301,-119.60146,Easy,2-3 miles Miles,,"The upper park is a great place for a BBQ or the kids to play. However, the real attraction is the long, sandy stretch of beach that leads for a mile to Loon Point. At low tide you can head west and walk all the way to the harbor area or east past Loon Po",,,,,,,,,,,,,,,,,
56,Loon Point,34.41477,-119.584208,Easy,1-2.5 Miles,,The walk down to the beach from the parking lot along Padaro Lane is not much but once on the beach the tall cliffs that mark Loon Point provide an intense coloring as sunset nears. The point itself is rocky and passable only at lower tides but it is a wo,,,,,,,,,,,,,,,,,
57,Lover's Loop,34.738593,-120.061885,Moderate,4.01 Miles,800',"Lover's Loop is a four mile hike that takes you through miles of lovely grass and oak-covered hillsides to views out over the lower valley, Grass Mountain, Zaca Peak and Figueroa Mountain. It is one of the best loop hikes you'll find in Santa Barbara Coun",,,,,,,,,,,,,,,,,
58,Lower Cathedral Peak,34.476067,-119.706302,Difficult,2 Miles,"2350",The scramble up the edge of west Mission Ridge is one of the great climbs in the Santa Barbara area. The route begins as a walk up the paved road to upper Mission Canyon then becomes rock hopping up the creek and then a full scramble up the ridge. As you ,,,,,,,,,,,,,,,,,
59,Lower Franklin,34.406839,-119.517088,Moderate,2.25 Miles,600',"Though this is a relatively short hike, and not terribly wild, San Antonio Creek is a wonderful place to take children. Tucker’s Grove is perfect for a picnic, and it has the best playground equipment for kids anywhere in Santa Barbara. The hike is level ",,,,,,,,,,,,,,,,,
60,Lower Mono Creek Trail,34.524414,-119.62708,Easy,1.5 Miles,"100",The lower part of Mono Trail is part of the historic route from Santa Barbara to the Cuyama Valley. The section from Mono Camp to the river is 1.5 miles in length and is one of the most scenic hikes in the backcountry. The lower canyon is filled with cott,,,,,,,,,,,,,,,,,
61,Lower Oso,34.547358,-119.770374,Easy,1 Miles,"100","Though a short hike, this trail provides a nice walk from the Lower Oso area and because it is fairly level, is nice for children. It can be extended into a longer hike by continuing through Upper Oso campground into Oso Canyon or by taking the connector ",,,,,,,,,,,,,,,,,
62,Lower Rock Garden,34.477914,-119.696989,Difficult,2.75 Miles,"2850",For those of you who have been to the Playground you will understand what is meant by a garden of rocks. There are no trails but many small openings which lead throughout the hundred acres or so of bedrock. There are all sorts of shapes and sizes and lots,,,,,,,,,,,,,,,,,
63,Matias Potrero,34.530743,-119.725485,Moderate to Difficult,1-5 Miles,,"This trail leads across the north side of the Santa Ynez Mountains through open fields of grass and a series of ridges from Arroyo Burro Road to Gibraltar Dam. With the exception of the ups and downs caused by the ridgelines, surprisingly the trail is alm",,,,,,,,,,,,,,,,,
64,McMenemy,34.45377553,-119.6325424,Moderate,1.2 Miles,"650","The trail leads across San Ysidro Creek and through a very pretty eucalyptus forest. Views from the bench are some of the best. You can continue on to the Saddle Rock Trail and continue up it to create a longer loop hike, or follow the Girard Trail up to ",,,,,,,,,,,,,,,,,
65,Mesa Lane,34.39657,-119.730763,Moderate,1-2 Miles,,"The coastline from Shoreline Park to Arroyo Burro has a feeling of isolation, despite its proximity to the city. Mesa Lane provides access to this stretch of beach. While at higher tides you may not be able to get too far in either direction, at average o",,,,,,,,,,,,,,,,,
66,Middle Fork,34.465821,-119.659621,Moderate,1.4 Miles,"975","Though not a long nor well-known trail, it leads up to a series of beautiful cascades culminating in a 200’ high waterfall. A small pool is at the base of the falls, making this a great place to hang out for the afternoon. A trail leads around the west si",,,,,,,,,,,,,,,,,
67,Mission Catway,34.470866,-119.702439,Moderate to Difficult,1.75 Miles,"1250","A must hike for power hikers. The dirt road is open and fairly easily traversed by most hikers. The route continues around the upper end of the east fork of Mission Canyon, bringing you high up on the mountain within a relatively short distance. There are",,,,,,,,,,,,,,,,,
68,Mission Ridge,34.476137,-119.695487,Moderate to Difficult,1.75 Miles,"1250","A must hike for power hikers. The dirt road is open and fairly easily traversed by most hikers. The route continues around the upper end of the east fork of Mission Canyon, bringing you high up on the mountain within a relatively short distance. There are",,,,,,,,,,,,,,,,,
69,Modoc Preserve,34.436565,-119.762404,Moderate,1-3 Miles,, A long stretch of open space on Modoc Road just west of La Cumbre. An excellent place to walk your dogs.,,,,,,,,,,,,,,,,,
70,Monarch Groves,34.423554,-119.889683,Moderate,1 - 2 miles Miles,,"From the end of Coronado Drive you can enjoy the mesmerizing beauty of monarch butterflies fluttering through the tall eucalyptus trees during the winter months, then walk out over the open meadows to the bluff tops. Small trails lead in and out of the eu",,,,,,,,,,,,,,,,,
71,Mono Creek Trail,34.538591,-119.630624,Easy to Moderate,1 Miles,"200","The upper Mono hike is along what once was a dirt road that leads for 5 miles to the historic Ogilvy Ranch which was previously owned by Sunburst Farms. The ranch itself is still private and is off limits. The trail is almost non-existent, meaning you'll ",,,,,,,,,,,,,,,,,
72,Montecito Peak,34.482549,-119.638795,Moderate,1 Miles,"-600",It is a mile down the trail and a 600' descent but the views from the top of Montecito Peak provide an enjoyable way to watch the sunset before ehading back up to your car — a much easier way to experience the views if you aren't up to the hike up from th,,,,,,,,,,,,,,,,,
73,More Mesa,34.416858,-119.788055,Moderate,1-2 Miles,,"More Mesa is the mid-point between Arroyo Burro and Goleta beaches, with long stretches of relatively deserted shoreline, with the exception of the beach area immediately below the access point. There are many acres of bluff top that you can explore, with",,,,,,,,,,,,,,,,,
74,More Mesa Bluffs,34.424348,-119.805347,Moderate,2 Miles,,More Mesa is one of a number of open space areas that provides both recreation and important habitat for a varoety of species of birds and animals. The blufftop walk has a quiet feeling to it that makes it perfect for an evening walk at sunset or any othe,,,,,,,,,,,,,,,,,
75,Nineteen Oaks,34.565,-119.765,Easy,2 Miles,"300","The trail leads through the Oso Narrows, a beautiful sandstone canyon formed of Matilija Sandstone, then connects with the Santa Cruz Trail. Nineteen Oaks is a little more than a mile along this trail, which is a bit more open, leading through serpentine ",,,,,,,,,,,,,,,,,
76,Old Pueblo,34.44995362,-119.6207621,Easy,4.5 Miles,"250",This is a short loop hike but it makes for a very pleasant walk when you want something which isn’t too difficult. It can be combined with loops involving other trails for more strenuous hikes. Along the way you will get a glimpse of a few of Montecito’s ,,,,,,,,,,,,,,,,,
77,Ortega Hill,34.422452,-119.608712,Moderate,1-3 Miles,,"One of the most beautiful strolls through an oak woodland environment. Almost entirely level. The oak forests are deep in the heart of Montecito and provide a glimpse of why this area received its name which means little forest"" or ""little woods"" in Spani",,,,,,,,,,,,,,,,,
78,Ortega Trail,34.499165,-120.232272,Easy to Moderate,1 Miles,,,,,,,,,,,,,,,,,,,
79,Parma Park,34.447205,-119.683204,Moderate,1-3 Miles,,,,,,,,,,,,,,,,,,,
80,Paul's Loop,34.47217487,-119.5931725,Moderate,3 Miles,,"Once a part of the historic Camino Cielo Road that George Owen Knapp helped to build, the old road has been restred as a single track traverse thanks to a friend by the name of Paul and a few of his friends. While the traverse can be made as an out and ba",,,,,,,,,,,,,,,,,
81,Polo Club,34.422914,-119.601983,Moderate,1-3 Miles,,"This part of Toro Canyon is like much of the Montecito area; the rolling hills are interspersed with flatlands covered with oak forests. In-between Toro Canyon and Greenwell roads there are several magnificent horse farms. You can get an intimate glimpse ",,,,,,,,,,,,,,,,,
82,Rattlesnake Canyon,34.45756738,-119.6921482,Moderate,2.5 Miles,"1899",Rattlesnake Canyon is filled with cascading waterfalls and deep pools. The alder cover provides shade and a lovely green canopy. If you hike up the creek from the trailhead or take one of the many side trails leading down to the creek you’ll find the rema,,,,,,,,,,,,,,,,,
83,Ray's Beach,34.463471,-120.100265,Moderate,1-3 Miles,,"Tajiguas is accessible from the west via the Arroyo Hondo Trestles rest area or further east towards Refugio Beach along a frontage road. Though private property doesn’t allow direct access, the Tajiguas beachfront allows for long, leisurely walks along s",,,,,,,,,,,,,,,,,
84,Red Rock Loop,34.5348,-119.712,Easy to Moderate,6 Miles,"500","The Red Rock Trail provides not only an enjoyable 3-4 hour hike, but provides you with some of the best swimming holes on the river. You can head in either direction on this loop though I tend to take the high road in and return along the river. At the mi",,,,,,,,,,,,,,,,,
85,Refugio Beach State Park,34.462445,-120.071125,Moderate,1-3 Miles,,"Along with El Capitan, one of the nicest beach parks along the Southern California coast. While there isn’t enough beach to the west to walk in that direction except at the very lowest tides, a bike path and quiet two mile stretch of beach leading to El C",,,,,,,,,,,,,,,,,
86,Reservoir Trail,34.424372,-119.589036,Moderate,1-3 Miles,,"The Reservoir Trail follows the edge of a small creek to the top of a high knoll overloooking the Montecito Valley. It links to the Cynthia Wood and Valleyy Club Trail on the west side of Ortega Ridge, providing the potential for  longer loop walks if you",,,,,,,,,,,,,,,,,
87,Rest Area Overlook,34.476243,-120.222359,Easy,1 Miles,,,,,,,,,,,,,,,,,,,
88,Rincon Point,34.376135,-119.480352,Easy,1.5 mi to Carp Bluffs Miles,,In the winter months Rincon Point is extremely popular with the surfers and hundreds come to watch them challenge the big waves. At low tide Rincon Point is well worth exploring and the mile long stretch of sandy beach leading to Carpinteria Bluffs is exq,,,,,,,,,,,,,,,,,
89,River Trail,34.544565,-119.783034,Easy,.75 Miles,"0", Trail from the First Cross Day Use Area along the river to Sage Hill Campground. Several pools and river crossings along the way. Provides an opportunity for a loop hike via Upper Oso and the Sage Hill trail.,,,,,,,,,,,,,,,,,
90,Rock Garden Loop,34.47416,-119.681153,Difficult,5 Miles,"2550","This hike provides one of the most challenging and spectacular loops you will find anywhere in the Santa Ynez Mountains. It combines both trail hiking and off-trail scrambling, taking you down into Rattlesnake Canyon to the historic Tin Can Meadows, then ",,,,,,,,,,,,,,,,,
91,Romero Catway,34.46325877,-119.5876222,Moderate,4 Miles,"2175","For hikers who would like to experience the feeling of a walk along the upper edges of Montecito, where you can look down on the coastline from a lofty perch nearly 1200’ in elevation above the valley floor, the route up to the Buena Vista lookout provide",,,,,,,,,,,,,,,,,
92,Romero Cyn,34.4529,-119.5907,Easy,4 Miles,"2175","Romero Trail is one of the few front country trails which actually constitutes a loop. This is because the canyon trail starts at the bottom of Romero Road, now abandoned, and then intersects it again about two-thirds of the way to the crest. Though the c",,,,,,,,,,,,,,,,,
93,Romero Road,34.46991056,-119.6026239,Easy,4 Miles,"2175","The Romero Road leads up and around a large peak and provides views of the entire coastline. The road is steep in parts but well maintained and easy to walk on. At the halfway point, as you finish rounding the peak there are very nice views of the upper c",,,,,,,,,,,,,,,,,
94,Saddle Rock,34.4562391,-119.6379676,Moderate,3 Miles,"750",Saddle Rock Loop West,,,,,,,,,,,,,,,,,
95,Sage Hill Loop,34.547711,-119.787412,Moderate,3 Miles,"800","Aliso means “Sycamore” in Spanish and this delightful little canyon is full of them. Within the three mile loop you’ll find a variety of plant life, from riparian vegetation in the canyon to oak meadows and grass-covered hills on the upper part of the tra",,,,,,,,,,,,,,,,,
96,San Antonio Creek,34.4529,-119.7843,Easy,1.5 Miles,"148","Though this is a relatively short hike, and not terribly wild, San Antonio Creek is a wonderful place to take children. Tucker’s Grove is perfect for a picnic, and it has the best playground equipment for kids anywhere in Santa Barbara. The hike is level ",,,,,,,,,,,,,,,,,
97,San Marcos Preserve,34.457608,-119.766798,Moderate,1-3 Miles,,,,,,,,,,,,,,,,,,,
98,San Onofre Beach,34.469628,-120.186825,Moderate,1-3 Miles,,"From the small parking lot along Highway 101, a small, inconspicuous trail leads down to the mouth of San Onofre Creek. A beautiful cream-colored obelisk marks the start of the beach. Though you’ll need a tide of +3 or lower to explore very far, this secl",,,,,,,,,,,,,,,,,
99,San Ysidro Cyn,34.46492649,-119.6234808,Moderate to Difficult,4.5 Miles,"2970","Though at first the trail winds past a home and then follows a graded dirt road for a half mile, the upper end of the canyon is picturesque as it winds through a series of narrows formed by a thick layer of Matilija Sandstone. You’ll find an 80’ waterfall",,,,,,,,,,,,,,,,,
100,Santa Barbara Harbor,34.404927,-119.691668,Moderate,1-2 Miles,,"The walk out to the end of the breakwater is one of those that defines Santa Barbara’s charm: clusters of sailboats and motor yachts lining the docks; mountain views and the Channel Islands off in the distance. Near the end of the breakwater you can walk ",,,,,,,,,,,,,,,,,
101,Santa Claus Lane,34.409353,-119.553266,Easy,1.5 mi to Carp Bluffs Miles,,"Though Santa is now found a home in Ventura and his huge presence is no longer an attraction, the wide, sandy beach at Santa Claus Lane is perfect for an afternoon in the sun, a picnic, or exploring the rocky tidepools near Loon Point at lower tides.",,,,,,,,,,,,,,,,,
102,Santa Cruz,34.559198,-119.770718,Difficult,6 Miles,"3400","From Lower Oso picnic area, follow the spur road leading to Upper Oso, a distance of 1 mile.  ",,,,,,,,,,,,,,,,,
103,Seven Falls,34.474333,-119.705057,Easy,1.4 Miles,"400","Both the east and west forks of Mission Creek have eroded through the highly resistant Coldwater Sandstone forming in the upper off-trail sections a series of narrows with deep pools, steep falls, and rich green fern coverings—the fabled Seven Falls. For ",,,,,,,,,,,,,,,,,
104,Sheffield Reservoir,34.44525,-119.69267,Moderate,1-3 Miles,,,,,,,,,,,,,,,,,,,
105,Shoreline Park,34.397066,-119.703426,Moderate,1.5-3 Miles,,"The park is long and thin, encompassing almost a mile of the bluffs just west of Santa Barbara Point. There are plenty of places for picnics and barbecues, equipment for the kids to play on, and a stairway leading down to the beach, where you can enjoy a ",,,,,,,,,,,,,,,,,
106,Snyder Trail,34.539758,-119.7893,Moderate to Difficult,4 Miles,"2100","Snyder Trail provides a long hike, especially for those who are staying at Sage Hill. The trailhead is just a few hundred yards before you reach the Los Prietos Ranger Station where this camp is located. The trail leads up through the chaparral, into an e",,,,,,,,,,,,,,,,,
107,Steven's Park,34.44687473,-119.7349935,Easy,1 mile Miles,"100","The Steven's Park Trail wanders through a beautiful oak-filled canyon, whose combination of picturesque scenery and easy hiking is perfect for children. The hike to Inspiration Point provides views that make the ascent worthwhile. Along the way you will f",,,,,,,,,,,,,,,,,
108,Summerland Overlook,34.423788,-119.58748,Moderate,1-3 Miles,,A very pretty grass-covered knoll that you can access from along Calle Real or the Greenwell Preserve with a trail that loops up to a bench that overlooks the ocean and then around and back to your starting point.,,,,,,,,,,,,,,,,,
109,Summerland Trails,34.422914,-119.601983,Moderate,1-3 Miles,,Provides access to the hills surrounding the Summerland area. You can follow the Summerland Trail across Ortega Ridge Road and extend your walk on the Valley Club and Ketcham Trails. It is possible to make this a long loop hike by returning on the Cynthia,,,,,,,,,,,,,,,,,
110,SY River - Cottam Trail,34.511119,-119.602404,Easy,1-4 Miles,"125","Just beyond P-Bar Flats, a road leads down to the river and provides access to Blue Canyon, Cold Springs Canyon and the Mono Trail. Along the river you’ll find willows, cottonwoods and other riparian vegetation as well as a variety of wildlife. The hiking",,,,,,,,,,,,,,,,,
111,Tajiguas Beach,34.468637,-120.113654,Moderate,1-3 Miles,,"Tajiguas is accessible from the west via the Arroyo Hondo Trestles rest area or further east towards Refugio Beach along a frontage road. Though private property doesn’t allow direct access, the Tajiguas beachfront allows for long, leisurely walks along s",,,,,,,,,,,,,,,,,
112,Tangerine Falls,34.467432,-119.658807,Moderate,1.4 Miles,"975","Though not a long nor well-known trail, it leads up to a series of beautiful cascades culminating in a 200’ high waterfall. A small pool is at the base of the falls, making this a great place to hang out for the afternoon. A trail leads around the west si",,,,,,,,,,,,,,,,,
113,The Playground,34.50058,-119.847021,Easy to Moderate,1-2 Miles,,"The Playground is a circular boulder field about three-fourths of a mile in diameter that you can see from the Goleta Valley. It features the best rock scrambling anywhere in Santa Barbara, with channels and water-worn crevices separating the sandstone in",,,,,,,,,,,,,,,,,
114,Thousand Steps,34.395437,-119.713383,Moderate,1-2 Miles,,"As you walk out to the end of Santa Cruz you will marvel at the houses on either side of the steps which are perched almost right on the cliff's edge. I love the patio of the one on the right. The chairs look directly down on the beach, with great views u",,,,,,,,,,,,,,,,,
115,Toro Canyon,34.43431,-119.557171,Moderate,1-2 Miles,,"Though the hike is short hike and doesn’t really head up into wild country, I can’t say enough about this little known county park. It is a great place for families to take their children for the afternoon. The setting is very picturesque, there’s lots of",,,,,,,,,,,,,,,,,
116,Toro Ridge,34.430948,-119.557514,Moderate,1-2 Miles,,"Though the hike is short hike and doesn’t really head up into wild country, I can’t say enough about this little known county park. It is a great place for families to take their children for the afternoon. The setting is very picturesque, there’s lots of",,,,,,,,,,,,,,,,,
117,Trespass Trail,34.500757,-120.222144,Moderate to Difficult,2.5 Miles,"1500",A very pleasant loop hike which parallels the freeway about 400’ above it and leads across grass hillsides and oak meadows to a series of overlooks of the Gaviota Tunnel.,,,,,,,,,,,,,,,,,
118,Tunnel Trail,34.465,-119.7126,Moderate to Difficult,4 Miles,"2350","Mission Canyon provides a variety of different type of outdoor experiences ranging from a sunset hike to Inspiration Point, a refreshing dip in the pools at Seven Falls, a picnic on the lip of Mission Falls or the awe-inspiring views from the top of La Cu",,,,,,,,,,,,,,,,,
119,Upper Cathedral,34.492,-119.716,Easy,1 Miles,,,,,,,,,,,,,,,,,,,
120,Upper Tunnel Trail,34.494,-119.7,Easy,1 Miles,,,,,,,,,,,,,,,,,,,
121,Valley Club,34.429901,-119.605799,Moderate,1-3 Miles,,"Thanks to the efforts of the Montecito Trails Foundation (MTF), which maintains the trails in this area, there is a network of trails, some of them hidden, throughout the Montecito area. In the area between Sheffield Drive, Ortega Ridge Road and East Vall",,,,,,,,,,,,,,,,,
122,Vista del Mar,34.470618,-120.196266,Moderate,1-3 Miles,,"Though often overlooked, the trail down to the beach at Vista del Mar provides access to a quiet stretch of beach and informal trails leading along the bluffs to San Onofre Beach provide the opportunity to create a two mile loop walk.",,,,,,,,,,,,,,,,,
123,West Campus Loop,34.417377,-119.869807,Moderate,1-3 Miles,,"Walking towards the beach from the West Campus entrance provides a number of possibilities. Continuing on the paved road will take you along the Devereaux Slough, which is very pretty, to the beach near Coal Oil Point. You can also walk for miles and mile",,,,,,,,,,,,,,,,,
124,Wiman,34.4453,-119.619,Moderate,4.5 Miles,,,,,,,,,,,,,,,,,,,
